Metric,Value
Total Length (km),22.172896906774998
Average Distance (km),1.1086448453387499
Standard Deviation (km),0.7240041189199148
